[
    {
      "model": "backendapp.plant",
      "pk": 1,
      "fields": {
        "name": "Sylvia",
        "description": "plant beside the window",
        "plant_type": 4,
        "days": 1,
        "weeks": 0,
        "user": 1, 
        "img_url": "http://res.cloudinary.com/dbclxrl30/image/upload/v1585592682/Plants/lxskgfnegksipzpq9y5y.jpg"
      }
    },

    {
      "model": "backendapp.plant",
      "pk": 2,
      "fields": {
        "name": "Bruce",
        "description": "dainty pink plant",
        "plant_type": 4,
        "days": 1,
        "weeks": 0,
        "user": 1,
        "img_url": "http://res.cloudinary.com/dbclxrl30/image/upload/v1585592453/Plants/un1lonriryf4dkfb6akc.jpg" 
      }
    },

    {
      "model": "backendapp.plant",
      "pk": 3,
      "fields": {
        "name": "Sheila",
        "description": "bedroom plant that watches you when you sleep",
        "plant_type": 4,
        "days": 1,
        "weeks": 0,
        "user": 1,
        "notes": "This plant is so creepy, why did I buy this",
        "img_url": "http://res.cloudinary.com/dbclxrl30/image/upload/v1585592561/Plants/zetfdvwgxrgscvvtwmwq.jpg" 
      }
    },

        {
      "model": "backendapp.plant",
      "pk": 6,
      "fields": {
        "name": "Golum",
        "description": "plant in the bedroom that watches you when you sleep",
        "plant_type": 1,
        "days": 0,
        "weeks": 2,
        "user": 2 
      }
    },
  
    {
      "model": "backendapp.plant",
      "pk": 7,
      "fields": {
        "name": "Todd",
        "description": "plant you forget about in the bathroom",
        "plant_type": 1,
        "days": 0,
        "weeks": 3,
        "user": 1,
        "img_url": "http://res.cloudinary.com/dbclxrl30/image/upload/v1585592274/Plants/ehjfydzha5u2z8710rga.jpg" 
      }
    },
    {
      "model": "backendapp.plant",
      "pk": 9,
      "fields": {
        "name": "Stud Muffin",
        "description": "Spiky Succulent",
        "plant_type": 1,
        "days": 0,
        "weeks": 2,
        "user": 1,
        "img_url": "http://res.cloudinary.com/dbclxrl30/image/upload/v1585592655/Plants/kpczw9ivksntlt9dh3zi.jpg" 
      }
    },
    {
      "model": "backendapp.plant",
      "pk": 9,
      "fields": {
        "name": "Prince",
        "description": "Parsley Plant",
        "plant_type": 3,
        "days": 1,
        "weeks": 0,
        "user": 1,
        "notes": "He is something that you'll never comprehend.",
        "img_url": "http://res.cloudinary.com/dbclxrl30/image/upload/v1585591871/Plants/jbvxqz2ev6wuyr6hogvc.jpg" 
      }
    }
]